USA,United States,2019-12-31,0,0,0,0,0.0,0.0,0.0,0.0,,,,,,,,,331002647.0,35.608,38.3,15.413,9.732,54225.446,1.2,151.089,10.79,19.1,24.6,,2.77
USA,United States,2020-01-01,0,0,0,0,0.0,0.0,0.0,0.0,,,,,,,,0.0,331002647.0,35.608,38.3,15.413,9.732,54225.446,1.2,151.089,10.79,19.1,24.6,,2.77
USA,United States,2020-01-02,0,0,0,0,0.0,0.0,0.0,0.0,,,,,,,,0.0,331002647.0,35.608,38.3,15.413,9.732,54225.446,1.2,151.089,10.79,19.1,24.6,,2.77
USA,United States,2020-01-03,0,0,0,0,0.0,0.0,0.0,0.0,,,,,,,,0.0,331002647.0,35.608,38.3,15.413,9.732,54225.446,1.2,151.089,10.79,19.1,24.6,,2.77
USA,United States,2020-01-04,0,0,0,0,0.0,0.0,0.0,0.0,,,,,,,,0.0,331002647.0,35.608,38.3,15.413,9.732,54225.446,1.2,151.089,10.79,19.1,24.6,,2.77
USA,United States,2020-01-05,0,0,0,0,0.0,0.0,0.0,0.0,,,,,,,,0.0,331002647.0,35.608,38.3,15.413,9.732,54225.446,1.2,151.089,10.79,19.1,24.6,,2.77
USA,United States,2020-01-06,0,0,0,0,0.0,0.0,0.0,0.0,,,,,,,,0.0,331002647.0,35.608,38.3,15.413,9.732,54225.446,1.2,151.089,10.79,19.1,24.6,,2.77
USA,United States,2020-01-07,0,0,0,0,0.0,0.0,0.0,0.0,,,,,,,,0.0,331002647.0,35.608,38.3,15.413,9.732,54225.446,1.2,151.089,10.79,19.1,24.6,,2.77
USA,United States,2020-01-08,0,0,0,0,0.0,0.0,0.0,0.0,,,,,,,,0.0,331002647.0,35.608,38.3,15.413,9.732,54225.446,1.2,151.089,10.79,19.1,24.6,,2.77
USA,United States,2020-01-09,0,0,0,0,0.0,0.0,0.0,0.0,,,,,,,,0.0,331002647.0,35.608,38.3,15.413,9.732,54225.446,1.2,151.089,10.79,19.1,24.6,,2.77
USA,United States,2020-01-10,0,0,0,0,0.0,0.0,0.0,0.0,,,,,,,,0.0,331002647.0,35.608,38.3,15.413,9.732,54225.446,1.2,151.089,10.79,19.1,24.6,,2.77
USA,United States,2020-01-11,0,0,0,0,0.0,0.0,0.0,0.0,,,,,,,,0.0,331002647.0,35.608,38.3,15.413,9.732,54225.446,1.2,151.089,10.79,19.1,24.6,,2.77
USA,United States,2020-01-12,0,0,0,0,0.0,0.0,0.0,0.0,,,,,,,,0.0,331002647.0,35.608,38.3,15.413,9.732,54225.446,1.2,151.089,10.79,19.1,24.6,,2.77
USA,United States,2020-01-13,0,0,0,0,0.0,0.0,0.0,0.0,,,,,,,,0.0,331002647.0,35.608,38.3,15.413,9.732,54225.446,1.2,151.089,10.79,19.1,24.6,,2.77
USA,United States,2020-01-14,0,0,0,0,0.0,0.0,0.0,0.0,,,,,,,,0.0,331002647.0,35.608,38.3,15.413,9.732,54225.446,1.2,151.089,10.79,19.1,24.6,,2.77
USA,United States,2020-01-15,0,0,0,0,0.0,0.0,0.0,0.0,,,,,,,,0.0,331002647.0,35.608,38.3,15.413,9.732,54225.446,1.2,151.089,10.79,19.1,24.6,,2.77
USA,United States,2020-01-16,0,0,0,0,0.0,0.0,0.0,0.0,,,,,,,,0.0,331002647.0,35.608,38.3,15.413,9.732,54225.446,1.2,151.089,10.79,19.1,24.6,,2.77
USA,United States,2020-01-17,0,0,0,0,0.0,0.0,0.0,0.0,,,,,,,,0.0,331002647.0,35.608,38.3,15.413,9.732,54225.446,1.2,151.089,10.79,19.1,24.6,,2.77
USA,United States,2020-01-18,0,0,0,0,0.0,0.0,0.0,0.0,,,,,,,,0.0,331002647.0,35.608,38.3,15.413,9.732,54225.446,1.2,151.089,10.79,19.1,24.6,,2.77
USA,United States,2020-01-19,0,0,0,0,0.0,0.0,0.0,0.0,,,,,,,,0.0,331002647.0,35.608,38.3,15.413,9.732,54225.446,1.2,151.089,10.79,19.1,24.6,,2.77
USA,United States,2020-01-20,0,0,0,0,0.0,0.0,0.0,0.0,,,,,,,,0.0,331002647.0,35.608,38.3,15.413,9.732,54225.446,1.2,151.089,10.79,19.1,24.6,,2.77
USA,United States,2020-01-21,1,1,0,0,0.003,0.003,0.0,0.0,,,,,,,,0.0,331002647.0,35.608,38.3,15.413,9.732,54225.446,1.2,151.089,10.79,19.1,24.6,,2.77
USA,United States,2020-01-22,1,0,0,0,0.003,0.0,0.0,0.0,,,,,,,,0.0,331002647.0,35.608,38.3,15.413,9.732,54225.446,1.2,151.089,10.79,19.1,24.6,,2.77
USA,United States,2020-01-23,1,0,0,0,0.003,0.0,0.0,0.0,,,,,,,,0.0,331002647.0,35.608,38.3,15.413,9.732,54225.446,1.2,151.089,10.79,19.1,24.6,,2.77
USA,United States,2020-01-24,1,0,0,0,0.003,0.0,0.0,0.0,,,,,,,,0.0,331002647.0,35.608,38.3,15.413,9.732,54225.446,1.2,151.089,10.79,19.1,24.6,,2.77
USA,United States,2020-01-25,2,1,0,0,0.006,0.003,0.0,0.0,,,,,,,,0.0,331002647.0,35.608,38.3,15.413,9.732,54225.446,1.2,151.089,10.79,19.1,24.6,,2.77
USA,United States,2020-01-26,2,0,0,0,0.006,0.0,0.0,0.0,,,,,,,,0.0,331002647.0,35.608,38.3,15.413,9.732,54225.446,1.2,151.089,10.79,19.1,24.6,,2.77
USA,United States,2020-01-27,5,3,0,0,0.015,0.009,0.0,0.0,,,,,,,,0.0,331002647.0,35.608,38.3,15.413,9.732,54225.446,1.2,151.089,10.79,19.1,24.6,,2.77
USA,United States,2020-01-28,5,0,0,0,0.015,0.0,0.0,0.0,,,,,,,,0.0,331002647.0,35.608,38.3,15.413,9.732,54225.446,1.2,151.089,10.79,19.1,24.6,,2.77
USA,United States,2020-01-29,5,0,0,0,0.015,0.0,0.0,0.0,,,,,,,,0.0,331002647.0,35.608,38.3,15.413,9.732,54225.446,1.2,151.089,10.79,19.1,24.6,,2.77
USA,United States,2020-01-30,5,0,0,0,0.015,0.0,0.0,0.0,,,,,,,,0.0,331002647.0,35.608,38.3,15.413,9.732,54225.446,1.2,151.089,10.79,19.1,24.6,,2.77
USA,United States,2020-01-31,6,1,0,0,0.018,0.003,0.0,0.0,,,,,,,,0.0,331002647.0,35.608,38.3,15.413,9.732,54225.446,1.2,151.089,10.79,19.1,24.6,,2.77
USA,United States,2020-02-01,7,1,0,0,0.021,0.003,0.0,0.0,,,,,,,,0.0,331002647.0,35.608,38.3,15.413,9.732,54225.446,1.2,151.089,10.79,19.1,24.6,,2.77
USA,United States,2020-02-02,8,1,0,0,0.024,0.003,0.0,0.0,,,,,,,,5.56,331002647.0,35.608,38.3,15.413,9.732,54225.446,1.2,151.089,10.79,19.1,24.6,,2.77
USA,United States,2020-02-03,11,3,0,0,0.033,0.009,0.0,0.0,,,,,,,,5.56,331002647.0,35.608,38.3,15.413,9.732,54225.446,1.2,151.089,10.79,19.1,24.6,,2.77
USA,United States,2020-02-04,11,0,0,0,0.033,0.0,0.0,0.0,,,,,,,,5.56,331002647.0,35.608,38.3,15.413,9.732,54225.446,1.2,151.089,10.79,19.1,24.6,,2.77
USA,United States,2020-02-05,11,0,0,0,0.033,0.0,0.0,0.0,,,,,,,,5.56,331002647.0,35.608,38.3,15.413,9.732,54225.446,1.2,151.089,10.79,19.1,24.6,,2.77
USA,United States,2020-02-06,12,1,0,0,0.036,0.003,0.0,0.0,,,,,,,,5.56,331002647.0,35.608,38.3,15.413,9.732,54225.446,1.2,151.089,10.79,19.1,24.6,,2.77
USA,United States,2020-02-07,12,0,0,0,0.036,0.0,0.0,0.0,,,,,,,,5.56,331002647.0,35.608,38.3,15.413,9.732,54225.446,1.2,151.089,10.79,19.1,24.6,,2.77
USA,United States,2020-02-08,12,0,0,0,0.036,0.0,0.0,0.0,,,,,,,,5.56,331002647.0,35.608,38.3,15.413,9.732,54225.446,1.2,151.089,10.79,19.1,24.6,,2.77
USA,United States,2020-02-09,12,0,0,0,0.036,0.0,0.0,0.0,,,,,,,,5.56,331002647.0,35.608,38.3,15.413,9.732,54225.446,1.2,151.089,10.79,19.1,24.6,,2.77
USA,United States,2020-02-10,12,0,0,0,0.036,0.0,0.0,0.0,,,,,,,,5.56,331002647.0,35.608,38.3,15.413,9.732,54225.446,1.2,151.089,10.79,19.1,24.6,,2.77
USA,United States,2020-02-11,13,1,0,0,0.039,0.003,0.0,0.0,,,,,,,,5.56,331002647.0,35.608,38.3,15.413,9.732,54225.446,1.2,151.089,10.79,19.1,24.6,,2.77
USA,United States,2020-02-12,13,0,0,0,0.039,0.0,0.0,0.0,,,,,,,,5.56,331002647.0,35.608,38.3,15.413,9.732,54225.446,1.2,151.089,10.79,19.1,24.6,,2.77
USA,United States,2020-02-13,14,1,0,0,0.042,0.003,0.0,0.0,,,,,,,,5.56,331002647.0,35.608,38.3,15.413,9.732,54225.446,1.2,151.089,10.79,19.1,24.6,,2.77
USA,United States,2020-02-14,15,1,0,0,0.045,0.003,0.0,0.0,,,,,,,,5.56,331002647.0,35.608,38.3,15.413,9.732,54225.446,1.2,151.089,10.79,19.1,24.6,,2.77
USA,United States,2020-02-15,15,0,0,0,0.045,0.0,0.0,0.0,,,,,,,,5.56,331002647.0,35.608,38.3,15.413,9.732,54225.446,1.2,151.089,10.79,19.1,24.6,,2.77
USA,United States,2020-02-16,15,0,0,0,0.045,0.0,0.0,0.0,,,,,,,,5.56,331002647.0,35.608,38.3,15.413,9.732,54225.446,1.2,151.089,10.79,19.1,24.6,,2.77
USA,United States,2020-02-17,15,0,0,0,0.045,0.0,0.0,0.0,,,,,,,,5.56,331002647.0,35.608,38.3,15.413,9.732,54225.446,1.2,151.089,10.79,19.1,24.6,,2.77
USA,United States,2020-02-18,15,0,0,0,0.045,0.0,0.0,0.0,,,,,,,,5.56,331002647.0,35.608,38.3,15.413,9.732,54225.446,1.2,151.089,10.79,19.1,24.6,,2.77
USA,United States,2020-02-19,15,0,0,0,0.045,0.0,0.0,0.0,,,,,,,,5.56,331002647.0,35.608,38.3,15.413,9.732,54225.446,1.2,151.089,10.79,19.1,24.6,,2.77
USA,United States,2020-02-20,15,0,0,0,0.045,0.0,0.0,0.0,,,,,,,,5.56,331002647.0,35.608,38.3,15.413,9.732,54225.446,1.2,151.089,10.79,19.1,24.6,,2.77
USA,United States,2020-02-21,16,1,0,0,0.048,0.003,0.0,0.0,,,,,,,,5.56,331002647.0,35.608,38.3,15.413,9.732,54225.446,1.2,151.089,10.79,19.1,24.6,,2.77
USA,United States,2020-02-22,35,19,0,0,0.106,0.057,0.0,0.0,,,,,,,,5.56,331002647.0,35.608,38.3,15.413,9.732,54225.446,1.2,151.089,10.79,19.1,24.6,,2.77
USA,United States,2020-02-23,35,0,0,0,0.106,0.0,0.0,0.0,,,,,,,,5.56,331002647.0,35.608,38.3,15.413,9.732,54225.446,1.2,151.089,10.79,19.1,24.6,,2.77
USA,United States,2020-02-24,35,0,0,0,0.106,0.0,0.0,0.0,,,,,,,,5.56,331002647.0,35.608,38.3,15.413,9.732,54225.446,1.2,151.089,10.79,19.1,24.6,,2.77
USA,United States,2020-02-25,53,18,0,0,0.16,0.054,0.0,0.0,,,,,,,,5.56,331002647.0,35.608,38.3,15.413,9.732,54225.446,1.2,151.089,10.79,19.1,24.6,,2.77
USA,United States,2020-02-26,53,0,0,0,0.16,0.0,0.0,0.0,,,,,,,,5.56,331002647.0,35.608,38.3,15.413,9.732,54225.446,1.2,151.089,10.79,19.1,24.6,,2.77
USA,United States,2020-02-27,59,6,0,0,0.178,0.018,0.0,0.0,,,,,,,,5.56,331002647.0,35.608,38.3,15.413,9.732,54225.446,1.2,151.089,10.79,19.1,24.6,,2.77
USA,United States,2020-02-28,60,1,0,0,0.181,0.003,0.0,0.0,,,,,,,,5.56,331002647.0,35.608,38.3,15.413,9.732,54225.446,1.2,151.089,10.79,19.1,24.6,,2.77
USA,United States,2020-02-29,66,6,0,0,0.199,0.018,0.0,0.0,,,,,,,,5.56,331002647.0,35.608,38.3,15.413,9.732,54225.446,1.2,151.089,10.79,19.1,24.6,,2.77
USA,United States,2020-03-01,69,3,1,1,0.208,0.009,0.003,0.003,,,,,,,,8.33,331002647.0,35.608,38.3,15.413,9.732,54225.446,1.2,151.089,10.79,19.1,24.6,,2.77
USA,United States,2020-03-02,89,20,2,1,0.269,0.06,0.006,0.003,,,,,,,,11.11,331002647.0,35.608,38.3,15.413,9.732,54225.446,1.2,151.089,10.79,19.1,24.6,,2.77
USA,United States,2020-03-03,103,14,6,4,0.311,0.042,0.018,0.012,,,,,,,,11.11,331002647.0,35.608,38.3,15.413,9.732,54225.446,1.2,151.089,10.79,19.1,24.6,,2.77
USA,United States,2020-03-04,125,22,9,3,0.378,0.066,0.027,0.009,,,,,,,,11.11,331002647.0,35.608,38.3,15.413,9.732,54225.446,1.2,151.089,10.79,19.1,24.6,,2.77
USA,United States,2020-03-05,159,34,11,2,0.48,0.103,0.033,0.006,,,,,,,,20.37,331002647.0,35.608,38.3,15.413,9.732,54225.446,1.2,151.089,10.79,19.1,24.6,,2.77
USA,United States,2020-03-06,233,74,12,1,0.704,0.224,0.036,0.003,,,,,,,,20.37,331002647.0,35.608,38.3,15.413,9.732,54225.446,1.2,151.089,10.79,19.1,24.6,,2.77
USA,United States,2020-03-07,338,105,14,2,1.021,0.317,0.042,0.006,3837.0,,0.012,,,,inconsistent units (COVID Tracking Project),20.37,331002647.0,35.608,38.3,15.413,9.732,54225.446,1.2,151.089,10.79,19.1,24.6,,2.77
USA,United States,2020-03-08,433,95,17,3,1.308,0.287,0.051,0.009,4694.0,857.0,0.014,0.003,,,inconsistent units (COVID Tracking Project),20.37,331002647.0,35.608,38.3,15.413,9.732,54225.446,1.2,151.089,10.79,19.1,24.6,,2.77
USA,United States,2020-03-09,554,121,21,4,1.674,0.366,0.063,0.012,6451.0,1757.0,0.019,0.005,,,inconsistent units (COVID Tracking Project),20.37,331002647.0,35.608,38.3,15.413,9.732,54225.446,1.2,151.089,10.79,19.1,24.6,,2.77
USA,United States,2020-03-10,754,200,26,5,2.278,0.604,0.079,0.015,8941.0,2490.0,0.027,0.008,,,inconsistent units (COVID Tracking Project),20.37,331002647.0,35.608,38.3,15.413,9.732,54225.446,1.2,151.089,10.79,19.1,24.6,,2.77
USA,United States,2020-03-11,1025,271,28,2,3.097,0.819,0.085,0.006,12749.0,3808.0,0.039,0.012,,,inconsistent units (COVID Tracking Project),21.76,331002647.0,35.608,38.3,15.413,9.732,54225.446,1.2,151.089,10.79,19.1,24.6,,2.77
USA,United States,2020-03-12,1312,287,30,2,3.964,0.867,0.091,0.006,17996.0,5247.0,0.054,0.016,,,inconsistent units (COVID Tracking Project),30.09,331002647.0,35.608,38.3,15.413,9.732,54225.446,1.2,151.089,10.79,19.1,24.6,,2.77
USA,United States,2020-03-13,1663,351,40,10,5.024,1.06,0.121,0.03,27157.0,9161.0,0.082,0.028,,,inconsistent units (COVID Tracking Project),30.09,331002647.0,35.608,38.3,15.413,9.732,54225.446,1.2,151.089,10.79,19.1,24.6,,2.77
USA,United States,2020-03-14,2174,511,47,7,6.568,1.544,0.142,0.021,31732.0,4575.0,0.096,0.014,3985.0,0.012,inconsistent units (COVID Tracking Project),35.65,331002647.0,35.608,38.3,15.413,9.732,54225.446,1.2,151.089,10.79,19.1,24.6,,2.77
USA,United States,2020-03-15,2951,777,57,10,8.915,2.347,0.172,0.03,39332.0,7600.0,0.119,0.023,4948.0,0.015,inconsistent units (COVID Tracking Project),41.2,331002647.0,35.608,38.3,15.413,9.732,54225.446,1.2,151.089,10.79,19.1,24.6,,2.77
USA,United States,2020-03-16,3774,823,69,12,11.402,2.486,0.208,0.036,57173.0,17841.0,0.173,0.054,7246.0,0.022,inconsistent units (COVID Tracking Project),52.31,331002647.0,35.608,38.3,15.413,9.732,54225.446,1.2,151.089,10.79,19.1,24.6,,2.77
USA,United States,2020-03-17,4661,887,85,16,14.081,2.68,0.257,0.048,72856.0,15683.0,0.22,0.047,9131.0,0.028,inconsistent units (COVID Tracking Project),55.09,331002647.0,35.608,38.3,15.413,9.732,54225.446,1.2,151.089,10.79,19.1,24.6,,2.77
USA,United States,2020-03-18,6427,1766,108,23,19.417,5.335,0.326,0.069,97590.0,24734.0,0.295,0.075,12120.0,0.037,inconsistent units (COVID Tracking Project),55.09,331002647.0,35.608,38.3,15.413,9.732,54225.446,1.2,151.089,10.79,19.1,24.6,,2.77
USA,United States,2020-03-19,9415,2988,150,42,28.444,9.027,0.453,0.127,125261.0,27671.0,0.378,0.084,15324.0,0.046,inconsistent units (COVID Tracking Project),67.13,331002647.0,35.608,38.3,15.413,9.732,54225.446,1.2,151.089,10.79,19.1,24.6,,2.77
USA,United States,2020-03-20,14250,4835,150,0,43.051,14.607,0.453,0.0,161543.0,36282.0,0.488,0.11,19198.0,0.058,inconsistent units (COVID Tracking Project),67.13,331002647.0,35.608,38.3,15.413,9.732,54225.446,1.2,151.089,10.79,19.1,24.6,,2.77
USA,United States,2020-03-21,19624,5374,260,110,59.287,16.236,0.785,0.332,206427.0,44884.0,0.624,0.136,24956.0,0.075,inconsistent units (COVID Tracking Project),72.69,331002647.0,35.608,38.3,15.413,9.732,54225.446,1.2,151.089,10.79,19.1,24.6,,2.77
USA,United States,2020-03-22,26747,7123,340,80,80.806,21.519,1.027,0.242,250771.0,44344.0,0.758,0.134,30206.0,0.091,inconsistent units (COVID Tracking Project),72.69,331002647.0,35.608,38.3,15.413,9.732,54225.446,1.2,151.089,10.79,19.1,24.6,,2.77
USA,United States,2020-03-23,35206,8459,471,131,106.362,25.556,1.423,0.396,308368.0,57597.0,0.932,0.174,35885.0,0.108,inconsistent units (COVID Tracking Project),72.69,331002647.0,35.608,38.3,15.413,9.732,54225.446,1.2,151.089,10.79,19.1,24.6,,2.77
USA,United States,2020-03-24,46442,11236,590,119,140.307,33.945,1.782,0.36,376822.0,68454.0,1.138,0.207,43424.0,0.131,inconsistent units (COVID Tracking Project),72.69,331002647.0,35.608,38.3,15.413,9.732,54225.446,1.2,151.089,10.79,19.1,24.6,,2.77
USA,United States,2020-03-25,55231,8789,801,211,166.86,26.553,2.42,0.637,460368.0,83546.0,1.391,0.252,51825.0,0.157,inconsistent units (COVID Tracking Project),72.69,331002647.0,35.608,38.3,15.413,9.732,54225.446,1.2,151.089,10.79,19.1,24.6,,2.77
USA,United States,2020-03-26,69194,13963,1050,249,209.044,42.184,3.172,0.752,561433.0,101065.0,1.696,0.305,62310.0,0.188,inconsistent units (COVID Tracking Project),72.69,331002647.0,35.608,38.3,15.413,9.732,54225.446,1.2,151.089,10.79,19.1,24.6,,2.77
USA,United States,2020-03-27,85991,16797,1296,246,259.789,50.746,3.915,0.743,664369.0,102936.0,2.007,0.311,71832.0,0.217,inconsistent units (COVID Tracking Project),72.69,331002647.0,35.608,38.3,15.413,9.732,54225.446,1.2,151.089,10.79,19.1,24.6,,2.77
USA,United States,2020-03-28,104686,18695,1707,411,316.269,56.48,5.157,1.242,768822.0,104453.0,2.323,0.316,80342.0,0.243,inconsistent units (COVID Tracking Project),72.69,331002647.0,35.608,38.3,15.413,9.732,54225.446,1.2,151.089,10.79,19.1,24.6,,2.77
USA,United States,2020-03-29,124665,19979,2191,484,376.628,60.359,6.619,1.462,856443.0,87621.0,2.587,0.265,86525.0,0.261,inconsistent units (COVID Tracking Project),72.69,331002647.0,35.608,38.3,15.413,9.732,54225.446,1.2,151.089,10.79,19.1,24.6,,2.77
USA,United States,2020-03-30,143025,18360,2509,318,432.096,55.468,7.58,0.961,974054.0,117611.0,2.943,0.355,95098.0,0.287,inconsistent units (COVID Tracking Project),72.69,331002647.0,35.608,38.3,15.413,9.732,54225.446,1.2,151.089,10.79,19.1,24.6,,2.77
USA,United States,2020-03-31,164620,21595,3170,661,497.337,65.241,9.577,1.997,1085125.0,111071.0,3.278,0.336,101186.0,0.306,inconsistent units (COVID Tracking Project),72.69,331002647.0,35.608,38.3,15.413,9.732,54225.446,1.2,151.089,10.79,19.1,24.6,,2.77
USA,United States,2020-04-01,189618,24998,4079,909,572.859,75.522,12.323,2.746,1192708.0,107583.0,3.603,0.325,104620.0,0.316,inconsistent units (COVID Tracking Project),72.69,331002647.0,35.608,38.3,15.413,9.732,54225.446,1.2,151.089,10.79,19.1,24.6,,2.77
USA,United States,2020-04-02,216721,27103,5138,1059,654.741,81.882,15.523,3.199,1310571.0,117863.0,3.959,0.356,107020.0,0.323,inconsistent units (COVID Tracking Project),72.69,331002647.0,35.608,38.3,15.413,9.732,54225.446,1.2,151.089,10.79,19.1,24.6,,2.77
USA,United States,2020-04-03,245540,28819,6053,915,741.807,87.066,18.287,2.764,1443119.0,132548.0,4.36,0.4,111250.0,0.336,inconsistent units (COVID Tracking Project),72.69,331002647.0,35.608,38.3,15.413,9.732,54225.446,1.2,151.089,10.79,19.1,24.6,,2.77
USA,United States,2020-04-04,277965,32425,7157,1104,839.767,97.96,21.622,3.335,1671598.0,228479.0,5.05,0.69,128968.0,0.39,inconsistent units (COVID Tracking Project),72.69,331002647.0,35.608,38.3,15.413,9.732,54225.446,1.2,151.089,10.79,19.1,24.6,,2.77
USA,United States,2020-04-05,312237,34272,8501,1344,943.307,103.54,25.683,4.06,1790934.0,119336.0,5.411,0.361,133499.0,0.403,inconsistent units (COVID Tracking Project),72.69,331002647.0,35.608,38.3,15.413,9.732,54225.446,1.2,151.089,10.79,19.1,24.6,,2.77
USA,United States,2020-04-06,337635,25398,9647,1146,1020.037,76.731,29.145,3.462,1942134.0,151200.0,5.867,0.457,138297.0,0.418,inconsistent units (COVID Tracking Project),72.69,331002647.0,35.608,38.3,15.413,9.732,54225.446,1.2,151.089,10.79,19.1,24.6,,2.77
USA,United States,2020-04-07,368196,30561,10989,1342,1112.366,92.329,33.199,4.054,2095039.0,152905.0,6.329,0.462,144273.0,0.436,inconsistent units (COVID Tracking Project),72.69,331002647.0,35.608,38.3,15.413,9.732,54225.446,1.2,151.089,10.79,19.1,24.6,,2.77
USA,United States,2020-04-08,398809,30613,12895,1906,1204.851,92.486,38.957,5.758,2239270.0,144231.0,6.765,0.436,149509.0,0.452,inconsistent units (COVID Tracking Project),74.54,331002647.0,35.608,38.3,15.413,9.732,54225.446,1.2,151.089,10.79,19.1,24.6,,2.77
USA,United States,2020-04-09,432132,33323,14817,1922,1305.524,100.673,44.764,5.807,2405156.0,165886.0,7.266,0.501,156369.0,0.472,inconsistent units (COVID Tracking Project),74.54,331002647.0,35.608,38.3,15.413,9.732,54225.446,1.2,151.089,10.79,19.1,24.6,,2.77
USA,United States,2020-04-10,466033,33901,16690,1873,1407.943,102.419,50.423,5.659,2563144.0,157988.0,7.744,0.477,160004.0,0.483,inconsistent units (COVID Tracking Project),74.54,331002647.0,35.608,38.3,15.413,9.732,54225.446,1.2,151.089,10.79,19.1,24.6,,2.77
USA,United States,2020-04-11,501560,35527,18777,2087,1515.275,107.331,56.728,6.305,2702391.0,139247.0,8.164,0.421,147256.0,0.445,inconsistent units (COVID Tracking Project),74.54,331002647.0,35.608,38.3,15.413,9.732,54225.446,1.2,151.089,10.79,19.1,24.6,,2.77
USA,United States,2020-04-12,529951,28391,20608,1831,1601.048,85.773,62.259,5.532,2842944.0,140553.0,8.589,0.425,150287.0,0.454,inconsistent units (COVID Tracking Project),74.54,331002647.0,35.608,38.3,15.413,9.732,54225.446,1.2,151.089,10.79,19.1,24.6,,2.77
USA,United States,2020-04-13,557571,27620,22108,1500,1684.491,83.443,66.791,4.532,2976165.0,133221.0,8.991,0.402,147719.0,0.446,inconsistent units (COVID Tracking Project),74.54,331002647.0,35.608,38.3,15.413,9.732,54225.446,1.2,151.089,10.79,19.1,24.6,,2.77
USA,United States,2020-04-14,582594,25023,23649,1541,1760.089,75.598,71.447,4.656,3126907.0,150742.0,9.447,0.455,147410.0,0.445,inconsistent units (COVID Tracking Project),74.54,331002647.0,35.608,38.3,15.413,9.732,54225.446,1.2,151.089,10.79,19.1,24.6,,2.77
USA,United States,2020-04-15,609516,26922,26057,2408,1841.423,81.335,78.721,7.275,3263634.0,136727.0,9.86,0.413,146338.0,0.442,inconsistent units (COVID Tracking Project),74.54,331002647.0,35.608,38.3,15.413,9.732,54225.446,1.2,151.089,10.79,19.1,24.6,,2.77
USA,United States,2020-04-16,639664,30148,30985,4928,1932.504,91.081,93.61,14.888,3426210.0,162576.0,10.351,0.491,145865.0,0.441,inconsistent units (COVID Tracking Project),74.54,331002647.0,35.608,38.3,15.413,9.732,54225.446,1.2,151.089,10.79,19.1,24.6,,2.77
USA,United States,2020-04-17,671331,31667,33284,2299,2028.174,95.67,100.555,6.946,3584411.0,158201.0,10.829,0.478,145895.0,0.441,inconsistent units (COVID Tracking Project),74.54,331002647.0,35.608,38.3,15.413,9.732,54225.446,1.2,151.089,10.79,19.1,24.6,,2.77
USA,United States,2020-04-18,702164,30833,37054,3770,2121.324,93.15,111.945,11.39,3726550.0,142139.0,11.258,0.429,146308.0,0.442,inconsistent units (COVID Tracking Project),74.54,331002647.0,35.608,38.3,15.413,9.732,54225.446,1.2,151.089,10.79,19.1,24.6,,2.77
USA,United States,2020-04-19,735086,32922,38910,1856,2220.786,99.461,117.552,5.607,3887119.0,160569.0,11.743,0.485,149168.0,0.451,inconsistent units (COVID Tracking Project),74.54,331002647.0,35.608,38.3,15.413,9.732,54225.446,1.2,151.089,10.79,19.1,24.6,,2.77
USA,United States,2020-04-20,759687,24601,40682,1772,2295.109,74.323,122.905,5.353,4033296.0,146177.0,12.185,0.442,151019.0,0.456,inconsistent units (COVID Tracking Project),74.54,331002647.0,35.608,38.3,15.413,9.732,54225.446,1.2,151.089,10.79,19.1,24.6,,2.77
USA,United States,2020-04-21,787752,28065,42539,1857,2379.896,84.788,128.516,5.61,4182222.0,148926.0,12.635,0.45,150759.0,0.455,inconsistent units (COVID Tracking Project),72.69,331002647.0,35.608,38.3,15.413,9.732,54225.446,1.2,151.089,10.79,19.1,24.6,,2.77
USA,United States,2020-04-22,825041,37289,45063,2524,2492.551,112.655,136.141,7.625,4499027.0,316805.0,13.592,0.957,176485.0,0.533,inconsistent units (COVID Tracking Project),72.69,331002647.0,35.608,38.3,15.413,9.732,54225.446,1.2,151.089,10.79,19.1,24.6,,2.77
USA,United States,2020-04-23,842629,17588,46784,1721,2545.687,53.136,141.34,5.199,4693739.0,194712.0,14.18,0.588,181076.0,0.547,inconsistent units (COVID Tracking Project),72.69,331002647.0,35.608,38.3,15.413,9.732,54225.446,1.2,151.089,10.79,19.1,24.6,,2.77
USA,United States,2020-04-24,869172,26543,49963,3179,2625.876,80.19,150.944,9.604,4928698.0,234959.0,14.89,0.71,192041.0,0.58,inconsistent units (COVID Tracking Project),72.69,331002647.0,35.608,38.3,15.413,9.732,54225.446,1.2,151.089,10.79,19.1,24.6,,2.77
USA,United States,2020-04-25,890524,21352,51017,1054,2690.383,64.507,154.129,3.184,5208225.0,279527.0,15.735,0.844,211668.0,0.639,inconsistent units (COVID Tracking Project),72.69,331002647.0,35.608,38.3,15.413,9.732,54225.446,1.2,151.089,10.79,19.1,24.6,,2.77
USA,United States,2020-04-26,939053,48529,53189,2172,2836.995,146.612,160.691,6.562,5415539.0,207314.0,16.361,0.626,218346.0,0.66,inconsistent units (COVID Tracking Project),72.69,331002647.0,35.608,38.3,15.413,9.732,54225.446,1.2,151.089,10.79,19.1,24.6,,2.77
USA,United States,2020-04-27,965910,26857,54876,1687,2918.134,81.138,165.787,5.097,5612788.0,197249.0,16.957,0.596,225642.0,0.682,inconsistent units (COVID Tracking Project),72.69,331002647.0,35.608,38.3,15.413,9.732,54225.446,1.2,151.089,10.79,19.1,24.6,,2.77
USA,United States,2020-04-28,988451,22541,56245,1369,2986.233,68.099,169.923,4.136,5817964.0,205176.0,17.577,0.62,233677.0,0.706,inconsistent units (COVID Tracking Project),72.69,331002647.0,35.608,38.3,15.413,9.732,54225.446,1.2,151.089,10.79,19.1,24.6,,2.77
USA,United States,2020-04-29,1012583,24132,58355,2110,3059.139,72.906,176.298,6.375,6051587.0,233623.0,18.283,0.706,221794.0,0.67,inconsistent units (COVID Tracking Project),72.69,331002647.0,35.608,38.3,15.413,9.732,54225.446,1.2,151.089,10.79,19.1,24.6,,2.77
USA,United States,2020-04-30,1039909,27326,60966,2611,3141.694,82.555,184.186,7.888,6282200.0,230613.0,18.979,0.697,226923.0,0.686,inconsistent units (COVID Tracking Project),72.69,331002647.0,35.608,38.3,15.413,9.732,54225.446,1.2,151.089,10.79,19.1,24.6,,2.77
USA,United States,2020-05-01,1069826,29917,63006,2040,3232.077,90.383,190.349,6.163,6579081.0,296881.0,19.876,0.897,235769.0,0.712,inconsistent units (COVID Tracking Project),72.69,331002647.0,35.608,38.3,15.413,9.732,54225.446,1.2,151.089,10.79,19.1,24.6,,2.77
USA,United States,2020-05-02,1103781,33955,65068,2062,3334.659,102.582,196.578,6.23,6829484.0,250403.0,20.633,0.756,231608.0,0.7,inconsistent units (COVID Tracking Project),72.69,331002647.0,35.608,38.3,15.413,9.732,54225.446,1.2,151.089,10.79,19.1,24.6,,2.77
USA,United States,2020-05-03,1133069,29288,66385,1317,3423.142,88.483,200.557,3.979,7070365.0,240881.0,21.36,0.728,236404.0,0.714,inconsistent units (COVID Tracking Project),72.69,331002647.0,35.608,38.3,15.413,9.732,54225.446,1.2,151.089,10.79,19.1,24.6,,2.77
USA,United States,2020-05-04,1158041,24972,67682,1297,3498.585,75.444,204.476,3.918,7304185.0,233820.0,22.067,0.706,241628.0,0.73,inconsistent units (COVID Tracking Project),72.69,331002647.0,35.608,38.3,15.413,9.732,54225.446,1.2,151.089,10.79,19.1,24.6,,2.77
USA,United States,2020-05-05,1180634,22593,68934,1252,3566.842,68.256,208.258,3.782,7565003.0,260818.0,22.855,0.788,249577.0,0.754,inconsistent units (COVID Tracking Project),72.69,331002647.0,35.608,38.3,15.413,9.732,54225.446,1.2,151.089,10.79,19.1,24.6,,2.77
USA,United States,2020-05-06,1204475,23841,71078,2144,3638.868,72.027,214.735,6.477,7811135.0,246132.0,23.598,0.744,251364.0,0.759,inconsistent units (COVID Tracking Project),72.69,331002647.0,35.608,38.3,15.413,9.732,54225.446,1.2,151.089,10.79,19.1,24.6,,2.77
USA,United States,2020-05-07,1228603,24128,73431,2353,3711.762,72.894,221.844,7.109,8115440.0,304305.0,24.518,0.919,261891.0,0.791,inconsistent units (COVID Tracking Project),72.69,331002647.0,35.608,38.3,15.413,9.732,54225.446,1.2,151.089,10.79,19.1,24.6,,2.77
USA,United States,2020-05-08,1256972,28369,75670,2239,3797.468,85.706,228.608,6.764,8414709.0,299269.0,25.422,0.904,262233.0,0.792,inconsistent units (COVID Tracking Project),72.69,331002647.0,35.608,38.3,15.413,9.732,54225.446,1.2,151.089,10.79,19.1,24.6,,2.77
USA,United States,2020-05-09,1283929,26957,77180,1510,3878.909,81.44,233.17,4.562,8708262.0,293553.0,26.309,0.887,268397.0,0.811,inconsistent units (COVID Tracking Project),72.69,331002647.0,35.608,38.3,15.413,9.732,54225.446,1.2,151.089,10.79,19.1,24.6,,2.77
USA,United States,2020-05-10,1309541,25612,78794,1614,3956.286,77.377,238.046,4.876,8979469.0,271207.0,27.128,0.819,272729.0,0.824,inconsistent units (COVID Tracking Project),72.69,331002647.0,35.608,38.3,15.413,9.732,54225.446,1.2,151.089,10.79,19.1,24.6,,2.77
USA,United States,2020-05-11,1329799,20258,79528,734,4017.488,61.202,240.264,2.218,9364113.0,384644.0,28.29,1.162,294275.0,0.889,inconsistent units (COVID Tracking Project),72.69,331002647.0,35.608,38.3,15.413,9.732,54225.446,1.2,151.089,10.79,19.1,24.6,,2.77
USA,United States,2020-05-12,1347916,18117,80684,1156,4072.221,54.734,243.756,3.492,9668858.0,304745.0,29.211,0.921,300551.0,0.908,inconsistent units (COVID Tracking Project),72.69,331002647.0,35.608,38.3,15.413,9.732,54225.446,1.2,151.089,10.79,19.1,24.6,,2.77
USA,United States,2020-05-13,1369964,22048,82387,1703,4138.831,66.61,248.901,5.145,9964883.0,296025.0,30.105,0.894,307678.0,0.93,inconsistent units (COVID Tracking Project),72.69,331002647.0,35.608,38.3,15.413,9.732,54225.446,1.2,151.089,10.79,19.1,24.6,,2.77
USA,United States,2020-05-14,1390746,20782,84133,1746,4201.616,62.785,254.176,5.275,10341634.0,376751.0,31.243,1.138,318028.0,0.961,inconsistent units (COVID Tracking Project),72.69,331002647.0,35.608,38.3,15.413,9.732,54225.446,1.2,151.089,10.79,19.1,24.6,,2.77
USA,United States,2020-05-15,1417889,27143,85906,1773,4283.618,82.002,259.533,5.356,10704575.0,362941.0,32.34,1.096,327124.0,0.988,inconsistent units (COVID Tracking Project),72.69,331002647.0,35.608,38.3,15.413,9.732,54225.446,1.2,151.089,10.79,19.1,24.6,,2.77
USA,United States,2020-05-16,1443397,25508,87568,1662,4360.681,77.063,264.554,5.021,11057511.0,352936.0,33.406,1.066,335607.0,1.014,inconsistent units (COVID Tracking Project),72.69,331002647.0,35.608,38.3,15.413,9.732,54225.446,1.2,151.089,10.79,19.1,24.6,,2.77
USA,United States,2020-05-17,1467884,24487,88754,1186,4434.659,73.978,268.137,3.583,11460319.0,402808.0,34.623,1.217,354407.0,1.071,inconsistent units (COVID Tracking Project),72.69,331002647.0,35.608,38.3,15.413,9.732,54225.446,1.2,151.089,10.79,19.1,24.6,,2.77
USA,United States,2020-05-18,1486757,18873,89562,808,4491.677,57.018,270.578,2.441,11806021.0,345702.0,35.667,1.044,348844.0,1.054,inconsistent units (COVID Tracking Project),72.69,331002647.0,35.608,38.3,15.413,9.732,54225.446,1.2,151.089,10.79,19.1,24.6,,2.77
USA,United States,2020-05-19,1508598,21841,90353,791,4557.661,65.984,272.968,2.39,12202812.0,396791.0,36.866,1.199,361993.0,1.094,inconsistent units (COVID Tracking Project),72.69,331002647.0,35.608,38.3,15.413,9.732,54225.446,1.2,151.089,10.79,19.1,24.6,,2.77
USA,United States,2020-05-20,1528568,19970,91921,1568,4617.993,60.332,277.705,4.737,12608216.0,405404.0,38.091,1.225,377619.0,1.141,inconsistent units (COVID Tracking Project),72.69,331002647.0,35.608,38.3,15.413,9.732,54225.446,1.2,151.089,10.79,19.1,24.6,,2.77
USA,United States,2020-05-21,1551853,23285,93439,1518,4688.34,70.347,282.291,4.586,13024762.0,416546.0,39.349,1.258,383304.0,1.158,inconsistent units (COVID Tracking Project),72.69,331002647.0,35.608,38.3,15.413,9.732,54225.446,1.2,151.089,10.79,19.1,24.6,,2.77
USA,United States,2020-05-22,1577287,25434,94702,1263,4765.179,76.839,286.106,3.816,13419058.0,394296.0,40.541,1.191,387783.0,1.172,inconsistent units (COVID Tracking Project),72.69,331002647.0,35.608,38.3,15.413,9.732,54225.446,1.2,151.089,10.79,19.1,24.6,,2.77
USA,United States,2020-05-23,1601434,24147,96007,1305,4838.13,72.951,290.049,3.943,13784786.0,365728.0,41.646,1.105,389611.0,1.177,inconsistent units (COVID Tracking Project),72.69,331002647.0,35.608,38.3,15.413,9.732,54225.446,1.2,151.089,10.79,19.1,24.6,,2.77
USA,United States,2020-05-24,1622670,21236,97087,1080,4902.287,64.157,293.312,3.263,14163694.0,378908.0,42.79,1.145,386196.0,1.167,inconsistent units (COVID Tracking Project),72.69,331002647.0,35.608,38.3,15.413,9.732,54225.446,1.2,151.089,10.79,19.1,24.6,,2.77
USA,United States,2020-05-25,1643238,20568,97720,633,4964.426,62.138,295.224,1.912,14604942.0,441248.0,44.123,1.333,399846.0,1.208,inconsistent units (COVID Tracking Project),72.69,331002647.0,35.608,38.3,15.413,9.732,54225.446,1.2,151.089,10.79,19.1,24.6,,2.77
USA,United States,2020-05-26,1662302,19064,98220,500,5022.02,57.595,296.735,1.511,14907041.0,302099.0,45.036,0.913,386318.0,1.167,inconsistent units (COVID Tracking Project),72.69,331002647.0,35.608,38.3,15.413,9.732,54225.446,1.2,151.089,10.79,19.1,24.6,,2.77
USA,United States,2020-05-27,1681212,18910,98916,696,5079.15,57.129,298.837,2.103,15192481.0,285440.0,45.898,0.862,369181.0,1.115,inconsistent units (COVID Tracking Project),72.69,331002647.0,35.608,38.3,15.413,9.732,54225.446,1.2,151.089,10.79,19.1,24.6,,2.77
USA,United States,2020-05-28,1699933,18721,100442,1526,5135.708,56.558,303.448,4.61,,,,,,,,,331002647.0,35.608,38.3,15.413,9.732,54225.446,1.2,151.089,10.79,19.1,24.6,,2.77
USA,United States,2020-05-29,1721750,21817,101617,1175,5201.62,65.912,306.998,3.55,,,,,,,,,331002647.0,35.608,38.3,15.413,9.732,54225.446,1.2,151.089,10.79,19.1,24.6,,2.77
DNK,Denmark,2019-12-31,0,0,0,0,0.0,0.0,0.0,0.0,,,,,,,,,5792203.0,136.52,42.3,19.677,12.325,46682.515,0.2,114.767,6.41,19.3,18.8,,2.5
DNK,Denmark,2020-01-01,0,0,0,0,0.0,0.0,0.0,0.0,,,,,,,,0.0,5792203.0,136.52,42.3,19.677,12.325,46682.515,0.2,114.767,6.41,19.3,18.8,,2.5
DNK,Denmark,2020-01-02,0,0,0,0,0.0,0.0,0.0,0.0,,,,,,,,0.0,5792203.0,136.52,42.3,19.677,12.325,46682.515,0.2,114.767,6.41,19.3,18.8,,2.5
DNK,Denmark,2020-01-03,0,0,0,0,0.0,0.0,0.0,0.0,,,,,,,,0.0,5792203.0,136.52,42.3,19.677,12.325,46682.515,0.2,114.767,6.41,19.3,18.8,,2.5
DNK,Denmark,2020-01-04,0,0,0,0,0.0,0.0,0.0,0.0,,,,,,,,0.0,5792203.0,136.52,42.3,19.677,12.325,46682.515,0.2,114.767,6.41,19.3,18.8,,2.5
DNK,Denmark,2020-01-05,0,0,0,0,0.0,0.0,0.0,0.0,,,,,,,,0.0,5792203.0,136.52,42.3,19.677,12.325,46682.515,0.2,114.767,6.41,19.3,18.8,,2.5
DNK,Denmark,2020-01-06,0,0,0,0,0.0,0.0,0.0,0.0,,,,,,,,0.0,5792203.0,136.52,42.3,19.677,12.325,46682.515,0.2,114.767,6.41,19.3,18.8,,2.5
DNK,Denmark,2020-01-07,0,0,0,0,0.0,0.0,0.0,0.0,,,,,,,,0.0,5792203.0,136.52,42.3,19.677,12.325,46682.515,0.2,114.767,6.41,19.3,18.8,,2.5
DNK,Denmark,2020-01-08,0,0,0,0,0.0,0.0,0.0,0.0,,,,,,,,0.0,5792203.0,136.52,42.3,19.677,12.325,46682.515,0.2,114.767,6.41,19.3,18.8,,2.5
DNK,Denmark,2020-01-09,0,0,0,0,0.0,0.0,0.0,0.0,,,,,,,,0.0,5792203.0,136.52,42.3,19.677,12.325,46682.515,0.2,114.767,6.41,19.3,18.8,,2.5
DNK,Denmark,2020-01-10,0,0,0,0,0.0,0.0,0.0,0.0,,,,,,,,0.0,5792203.0,136.52,42.3,19.677,12.325,46682.515,0.2,114.767,6.41,19.3,18.8,,2.5
DNK,Denmark,2020-01-11,0,0,0,0,0.0,0.0,0.0,0.0,,,,,,,,0.0,5792203.0,136.52,42.3,19.677,12.325,46682.515,0.2,114.767,6.41,19.3,18.8,,2.5
DNK,Denmark,2020-01-12,0,0,0,0,0.0,0.0,0.0,0.0,,,,,,,,0.0,5792203.0,136.52,42.3,19.677,12.325,46682.515,0.2,114.767,6.41,19.3,18.8,,2.5
DNK,Denmark,2020-01-13,0,0,0,0,0.0,0.0,0.0,0.0,,,,,,,,0.0,5792203.0,136.52,42.3,19.677,12.325,46682.515,0.2,114.767,6.41,19.3,18.8,,2.5
DNK,Denmark,2020-01-14,0,0,0,0,0.0,0.0,0.0,0.0,,,,,,,,0.0,5792203.0,136.52,42.3,19.677,12.325,46682.515,0.2,114.767,6.41,19.3,18.8,,2.5
DNK,Denmark,2020-01-15,0,0,0,0,0.0,0.0,0.0,0.0,,,,,,,,0.0,5792203.0,136.52,42.3,19.677,12.325,46682.515,0.2,114.767,6.41,19.3,18.8,,2.5
DNK,Denmark,2020-01-16,0,0,0,0,0.0,0.0,0.0,0.0,,,,,,,,0.0,5792203.0,136.52,42.3,19.677,12.325,46682.515,0.2,114.767,6.41,19.3,18.8,,2.5
DNK,Denmark,2020-01-17,0,0,0,0,0.0,0.0,0.0,0.0,,,,,,,,0.0,5792203.0,136.52,42.3,19.677,12.325,46682.515,0.2,114.767,6.41,19.3,18.8,,2.5
DNK,Denmark,2020-01-18,0,0,0,0,0.0,0.0,0.0,0.0,,,,,,,,0.0,5792203.0,136.52,42.3,19.677,12.325,46682.515,0.2,114.767,6.41,19.3,18.8,,2.5
DNK,Denmark,2020-01-19,0,0,0,0,0.0,0.0,0.0,0.0,,,,,,,,0.0,5792203.0,136.52,42.3,19.677,12.325,46682.515,0.2,114.767,6.41,19.3,18.8,,2.5
DNK,Denmark,2020-01-20,0,0,0,0,0.0,0.0,0.0,0.0,,,,,,,,0.0,5792203.0,136.52,42.3,19.677,12.325,46682.515,0.2,114.767,6.41,19.3,18.8,,2.5
DNK,Denmark,2020-01-21,0,0,0,0,0.0,0.0,0.0,0.0,,,,,,,,0.0,5792203.0,136.52,42.3,19.677,12.325,46682.515,0.2,114.767,6.41,19.3,18.8,,2.5
DNK,Denmark,2020-01-22,0,0,0,0,0.0,0.0,0.0,0.0,,,,,,,,0.0,5792203.0,136.52,42.3,19.677,12.325,46682.515,0.2,114.767,6.41,19.3,18.8,,2.5
DNK,Denmark,2020-01-23,0,0,0,0,0.0,0.0,0.0,0.0,,,,,,,,0.0,5792203.0,136.52,42.3,19.677,12.325,46682.515,0.2,114.767,6.41,19.3,18.8,,2.5
DNK,Denmark,2020-01-24,0,0,0,0,0.0,0.0,0.0,0.0,,,,,,,,0.0,5792203.0,136.52,42.3,19.677,12.325,46682.515,0.2,114.767,6.41,19.3,18.8,,2.5
DNK,Denmark,2020-01-25,0,0,0,0,0.0,0.0,0.0,0.0,,,,,,,,0.0,5792203.0,136.52,42.3,19.677,12.325,46682.515,0.2,114.767,6.41,19.3,18.8,,2.5
DNK,Denmark,2020-01-26,0,0,0,0,0.0,0.0,0.0,0.0,,,,,,,,0.0,5792203.0,136.52,42.3,19.677,12.325,46682.515,0.2,114.767,6.41,19.3,18.8,,2.5
DNK,Denmark,2020-01-27,0,0,0,0,0.0,0.0,0.0,0.0,,,,,,,,0.0,5792203.0,136.52,42.3,19.677,12.325,46682.515,0.2,114.767,6.41,19.3,18.8,,2.5
DNK,Denmark,2020-01-28,0,0,0,0,0.0,0.0,0.0,0.0,,,,,,,,0.0,5792203.0,136.52,42.3,19.677,12.325,46682.515,0.2,114.767,6.41,19.3,18.8,,2.5
DNK,Denmark,2020-01-29,0,0,0,0,0.0,0.0,0.0,0.0,,,,,,,,0.0,5792203.0,136.52,42.3,19.677,12.325,46682.515,0.2,114.767,6.41,19.3,18.8,,2.5
DNK,Denmark,2020-01-30,0,0,0,0,0.0,0.0,0.0,0.0,,,,,,,,0.0,5792203.0,136.52,42.3,19.677,12.325,46682.515,0.2,114.767,6.41,19.3,18.8,,2.5
DNK,Denmark,2020-01-31,0,0,0,0,0.0,0.0,0.0,0.0,,,,,,,,0.0,5792203.0,136.52,42.3,19.677,12.325,46682.515,0.2,114.767,6.41,19.3,18.8,,2.5
DNK,Denmark,2020-02-01,0,0,0,0,0.0,0.0,0.0,0.0,,,,,,,,0.0,5792203.0,136.52,42.3,19.677,12.325,46682.515,0.2,114.767,6.41,19.3,18.8,,2.5
DNK,Denmark,2020-02-02,0,0,0,0,0.0,0.0,0.0,0.0,,,,,,,,0.0,5792203.0,136.52,42.3,19.677,12.325,46682.515,0.2,114.767,6.41,19.3,18.8,,2.5
DNK,Denmark,2020-02-03,0,0,0,0,0.0,0.0,0.0,0.0,,,,,,,,0.0,5792203.0,136.52,42.3,19.677,12.325,46682.515,0.2,114.767,6.41,19.3,18.8,,2.5
DNK,Denmark,2020-02-04,0,0,0,0,0.0,0.0,0.0,0.0,,,,,,,,0.0,5792203.0,136.52,42.3,19.677,12.325,46682.515,0.2,114.767,6.41,19.3,18.8,,2.5
DNK,Denmark,2020-02-05,0,0,0,0,0.0,0.0,0.0,0.0,,,,,,,,0.0,5792203.0,136.52,42.3,19.677,12.325,46682.515,0.2,114.767,6.41,19.3,18.8,,2.5
DNK,Denmark,2020-02-06,0,0,0,0,0.0,0.0,0.0,0.0,,,,,,,,0.0,5792203.0,136.52,42.3,19.677,12.325,46682.515,0.2,114.767,6.41,19.3,18.8,,2.5
DNK,Denmark,2020-02-07,0,0,0,0,0.0,0.0,0.0,0.0,,,,,,,,0.0,5792203.0,136.52,42.3,19.677,12.325,46682.515,0.2,114.767,6.41,19.3,18.8,,2.5
DNK,Denmark,2020-02-08,0,0,0,0,0.0,0.0,0.0,0.0,,,,,,,,0.0,5792203.0,136.52,42.3,19.677,12.325,46682.515,0.2,114.767,6.41,19.3,18.8,,2.5
DNK,Denmark,2020-02-09,0,0,0,0,0.0,0.0,0.0,0.0,,,,,,,,0.0,5792203.0,136.52,42.3,19.677,12.325,46682.515,0.2,114.767,6.41,19.3,18.8,,2.5
DNK,Denmark,2020-02-10,0,0,0,0,0.0,0.0,0.0,0.0,,,,,,,,0.0,5792203.0,136.52,42.3,19.677,12.325,46682.515,0.2,114.767,6.41,19.3,18.8,,2.5
DNK,Denmark,2020-02-11,0,0,0,0,0.0,0.0,0.0,0.0,,,,,,,,0.0,5792203.0,136.52,42.3,19.677,12.325,46682.515,0.2,114.767,6.41,19.3,18.8,,2.5
DNK,Denmark,2020-02-12,0,0,0,0,0.0,0.0,0.0,0.0,,,,,,,,0.0,5792203.0,136.52,42.3,19.677,12.325,46682.515,0.2,114.767,6.41,19.3,18.8,,2.5
DNK,Denmark,2020-02-13,0,0,0,0,0.0,0.0,0.0,0.0,,,,,,,,0.0,5792203.0,136.52,42.3,19.677,12.325,46682.515,0.2,114.767,6.41,19.3,18.8,,2.5
DNK,Denmark,2020-02-14,0,0,0,0,0.0,0.0,0.0,0.0,,,,,,,,0.0,5792203.0,136.52,42.3,19.677,12.325,46682.515,0.2,114.767,6.41,19.3,18.8,,2.5
DNK,Denmark,2020-02-15,0,0,0,0,0.0,0.0,0.0,0.0,,,,,,,,0.0,5792203.0,136.52,42.3,19.677,12.325,46682.515,0.2,114.767,6.41,19.3,18.8,,2.5
DNK,Denmark,2020-02-16,0,0,0,0,0.0,0.0,0.0,0.0,,,,,,,,0.0,5792203.0,136.52,42.3,19.677,12.325,46682.515,0.2,114.767,6.41,19.3,18.8,,2.5
DNK,Denmark,2020-02-17,0,0,0,0,0.0,0.0,0.0,0.0,,,,,,,,0.0,5792203.0,136.52,42.3,19.677,12.325,46682.515,0.2,114.767,6.41,19.3,18.8,,2.5
DNK,Denmark,2020-02-18,0,0,0,0,0.0,0.0,0.0,0.0,,,,,,,,0.0,5792203.0,136.52,42.3,19.677,12.325,46682.515,0.2,114.767,6.41,19.3,18.8,,2.5
DNK,Denmark,2020-02-19,0,0,0,0,0.0,0.0,0.0,0.0,,,,,,,,0.0,5792203.0,136.52,42.3,19.677,12.325,46682.515,0.2,114.767,6.41,19.3,18.8,,2.5
DNK,Denmark,2020-02-20,0,0,0,0,0.0,0.0,0.0,0.0,,,,,,,,0.0,5792203.0,136.52,42.3,19.677,12.325,46682.515,0.2,114.767,6.41,19.3,18.8,,2.5
DNK,Denmark,2020-02-21,0,0,0,0,0.0,0.0,0.0,0.0,,,,,,,,0.0,5792203.0,136.52,42.3,19.677,12.325,46682.515,0.2,114.767,6.41,19.3,18.8,,2.5
DNK,Denmark,2020-02-22,0,0,0,0,0.0,0.0,0.0,0.0,,,,,,,,0.0,5792203.0,136.52,42.3,19.677,12.325,46682.515,0.2,114.767,6.41,19.3,18.8,,2.5
DNK,Denmark,2020-02-23,0,0,0,0,0.0,0.0,0.0,0.0,,,,,,,,0.0,5792203.0,136.52,42.3,19.677,12.325,46682.515,0.2,114.767,6.41,19.3,18.8,,2.5
DNK,Denmark,2020-02-24,0,0,0,0,0.0,0.0,0.0,0.0,,,,,,,,0.0,5792203.0,136.52,42.3,19.677,12.325,46682.515,0.2,114.767,6.41,19.3,18.8,,2.5
DNK,Denmark,2020-02-25,0,0,0,0,0.0,0.0,0.0,0.0,,,,,,,,0.0,5792203.0,136.52,42.3,19.677,12.325,46682.515,0.2,114.767,6.41,19.3,18.8,,2.5
DNK,Denmark,2020-02-26,0,0,0,0,0.0,0.0,0.0,0.0,,,,,,,,0.0,5792203.0,136.52,42.3,19.677,12.325,46682.515,0.2,114.767,6.41,19.3,18.8,,2.5
DNK,Denmark,2020-02-27,1,1,0,0,0.173,0.173,0.0,0.0,,,,,,,,11.11,5792203.0,136.52,42.3,19.677,12.325,46682.515,0.2,114.767,6.41,19.3,18.8,,2.5
DNK,Denmark,2020-02-28,1,0,0,0,0.173,0.0,0.0,0.0,,,,,,,,11.11,5792203.0,136.52,42.3,19.677,12.325,46682.515,0.2,114.767,6.41,19.3,18.8,,2.5
DNK,Denmark,2020-02-29,2,1,0,0,0.345,0.173,0.0,0.0,,,,,,,,11.11,5792203.0,136.52,42.3,19.677,12.325,46682.515,0.2,114.767,6.41,19.3,18.8,,2.5
DNK,Denmark,2020-03-01,3,1,0,0,0.518,0.173,0.0,0.0,,,,,,,,11.11,5792203.0,136.52,42.3,19.677,12.325,46682.515,0.2,114.767,6.41,19.3,18.8,,2.5
DNK,Denmark,2020-03-02,4,1,0,0,0.691,0.173,0.0,0.0,,,,,,,,11.11,5792203.0,136.52,42.3,19.677,12.325,46682.515,0.2,114.767,6.41,19.3,18.8,,2.5
DNK,Denmark,2020-03-03,5,1,0,0,0.863,0.173,0.0,0.0,,,,,,,,18.52,5792203.0,136.52,42.3,19.677,12.325,46682.515,0.2,114.767,6.41,19.3,18.8,,2.5
DNK,Denmark,2020-03-04,8,3,0,0,1.381,0.518,0.0,0.0,,,,,,,,18.52,5792203.0,136.52,42.3,19.677,12.325,46682.515,0.2,114.767,6.41,19.3,18.8,,2.5
DNK,Denmark,2020-03-05,10,2,0,0,1.726,0.345,0.0,0.0,,,,,,,,18.52,5792203.0,136.52,42.3,19.677,12.325,46682.515,0.2,114.767,6.41,19.3,18.8,,2.5
DNK,Denmark,2020-03-06,20,10,0,0,3.453,1.726,0.0,0.0,,,,,,,,29.63,5792203.0,136.52,42.3,19.677,12.325,46682.515,0.2,114.767,6.41,19.3,18.8,,2.5
DNK,Denmark,2020-03-07,23,3,0,0,3.971,0.518,0.0,0.0,,,,,,,,29.63,5792203.0,136.52,42.3,19.677,12.325,46682.515,0.2,114.767,6.41,19.3,18.8,,2.5
DNK,Denmark,2020-03-08,31,8,0,0,5.352,1.381,0.0,0.0,,,,,,,,29.63,5792203.0,136.52,42.3,19.677,12.325,46682.515,0.2,114.767,6.41,19.3,18.8,,2.5
DNK,Denmark,2020-03-09,38,7,0,0,6.561,1.209,0.0,0.0,,,,,,,,29.63,5792203.0,136.52,42.3,19.677,12.325,46682.515,0.2,114.767,6.41,19.3,18.8,,2.5
DNK,Denmark,2020-03-10,113,75,0,0,19.509,12.948,0.0,0.0,,,,,,,,35.19,5792203.0,136.52,42.3,19.677,12.325,46682.515,0.2,114.767,6.41,19.3,18.8,,2.5
DNK,Denmark,2020-03-11,264,151,0,0,45.579,26.07,0.0,0.0,,,,,,,,41.67,5792203.0,136.52,42.3,19.677,12.325,46682.515,0.2,114.767,6.41,19.3,18.8,,2.5
DNK,Denmark,2020-03-12,516,252,0,0,89.085,43.507,0.0,0.0,,,,,,,,41.67,5792203.0,136.52,42.3,19.677,12.325,46682.515,0.2,114.767,6.41,19.3,18.8,,2.5
DNK,Denmark,2020-03-13,676,160,0,0,116.709,27.623,0.0,0.0,,,,,,,,62.96,5792203.0,136.52,42.3,19.677,12.325,46682.515,0.2,114.767,6.41,19.3,18.8,,2.5
DNK,Denmark,2020-03-14,804,128,0,0,138.807,22.099,0.0,0.0,,,,,,,,65.74,5792203.0,136.52,42.3,19.677,12.325,46682.515,0.2,114.767,6.41,19.3,18.8,,2.5
DNK,Denmark,2020-03-15,827,23,0,0,142.778,3.971,0.0,0.0,,,,,,,,65.74,5792203.0,136.52,42.3,19.677,12.325,46682.515,0.2,114.767,6.41,19.3,18.8,,2.5
DNK,Denmark,2020-03-16,875,48,1,1,151.065,8.287,0.173,0.173,,,,,,,,65.74,5792203.0,136.52,42.3,19.677,12.325,46682.515,0.2,114.767,6.41,19.3,18.8,,2.5
DNK,Denmark,2020-03-17,932,57,1,0,160.906,9.841,0.173,0.0,7630.0,,1.317,,,,people tested,65.74,5792203.0,136.52,42.3,19.677,12.325,46682.515,0.2,114.767,6.41,19.3,18.8,,2.5
DNK,Denmark,2020-03-18,1024,92,4,3,176.789,15.883,0.691,0.518,,,,,,,people tested,72.22,5792203.0,136.52,42.3,19.677,12.325,46682.515,0.2,114.767,6.41,19.3,18.8,,2.5
DNK,Denmark,2020-03-19,1115,91,4,0,192.5,15.711,0.691,0.0,8847.0,,1.527,,,,people tested,72.22,5792203.0,136.52,42.3,19.677,12.325,46682.515,0.2,114.767,6.41,19.3,18.8,,2.5
DNK,Denmark,2020-03-20,1151,36,6,2,198.715,6.215,1.036,0.345,11657.0,2810.0,2.013,0.485,,,people tested,72.22,5792203.0,136.52,42.3,19.677,12.325,46682.515,0.2,114.767,6.41,19.3,18.8,,2.5
DNK,Denmark,2020-03-21,1255,104,9,3,216.671,17.955,1.554,0.518,12351.0,694.0,2.132,0.12,,,people tested,72.22,5792203.0,136.52,42.3,19.677,12.325,46682.515,0.2,114.767,6.41,19.3,18.8,,2.5
DNK,Denmark,2020-03-22,1326,71,13,4,228.928,12.258,2.244,0.691,12843.0,492.0,2.217,0.085,,,people tested,72.22,5792203.0,136.52,42.3,19.677,12.325,46682.515,0.2,114.767,6.41,19.3,18.8,,2.5
DNK,Denmark,2020-03-23,1395,69,13,0,240.841,11.913,2.244,0.0,13756.0,913.0,2.375,0.158,,,people tested,72.22,5792203.0,136.52,42.3,19.677,12.325,46682.515,0.2,114.767,6.41,19.3,18.8,,2.5
DNK,Denmark,2020-03-24,1460,65,24,11,252.063,11.222,4.144,1.899,,,,,955.0,0.165,people tested,72.22,5792203.0,136.52,42.3,19.677,12.325,46682.515,0.2,114.767,6.41,19.3,18.8,,2.5
DNK,Denmark,2020-03-25,1591,131,32,8,274.68,22.617,5.525,1.381,14870.0,,2.567,,947.0,0.163,people tested,72.22,5792203.0,136.52,42.3,19.677,12.325,46682.515,0.2,114.767,6.41,19.3,18.8,,2.5
DNK,Denmark,2020-03-26,1724,133,34,2,297.642,22.962,5.87,0.345,15981.0,1111.0,2.759,0.192,1019.0,0.176,people tested,72.22,5792203.0,136.52,42.3,19.677,12.325,46682.515,0.2,114.767,6.41,19.3,18.8,,2.5
DNK,Denmark,2020-03-27,1877,153,41,7,324.056,26.415,7.078,1.209,17275.0,1294.0,2.982,0.223,803.0,0.139,people tested,72.22,5792203.0,136.52,42.3,19.677,12.325,46682.515,0.2,114.767,6.41,19.3,18.8,,2.5
DNK,Denmark,2020-03-28,2046,169,52,11,353.233,29.177,8.978,1.899,18810.0,1535.0,3.247,0.265,923.0,0.159,people tested,72.22,5792203.0,136.52,42.3,19.677,12.325,46682.515,0.2,114.767,6.41,19.3,18.8,,2.5
DNK,Denmark,2020-03-29,2201,155,65,13,379.994,26.76,11.222,2.244,20198.0,1388.0,3.487,0.24,1051.0,0.181,people tested,72.22,5792203.0,136.52,42.3,19.677,12.325,46682.515,0.2,114.767,6.41,19.3,18.8,,2.5
DNK,Denmark,2020-03-30,2395,194,72,7,413.487,33.493,12.431,1.209,21378.0,1180.0,3.691,0.204,1089.0,0.188,people tested,72.22,5792203.0,136.52,42.3,19.677,12.325,46682.515,0.2,114.767,6.41,19.3,18.8,,2.5
DNK,Denmark,2020-03-31,2577,182,77,5,444.908,31.422,13.294,0.863,23763.0,2385.0,4.103,0.412,1350.0,0.233,people tested,72.22,5792203.0,136.52,42.3,19.677,12.325,46682.515,0.2,114.767,6.41,19.3,18.8,,2.5
DNK,Denmark,2020-04-01,2860,283,90,13,493.767,48.859,15.538,2.244,26776.0,3013.0,4.623,0.52,1701.0,0.294,people tested,72.22,5792203.0,136.52,42.3,19.677,12.325,46682.515,0.2,114.767,6.41,19.3,18.8,,2.5
DNK,Denmark,2020-04-02,3107,247,104,14,536.411,42.644,17.955,2.417,29921.0,3145.0,5.166,0.543,1991.0,0.344,people tested,72.22,5792203.0,136.52,42.3,19.677,12.325,46682.515,0.2,114.767,6.41,19.3,18.8,,2.5
DNK,Denmark,2020-04-03,3386,279,123,19,584.579,48.168,21.235,3.28,34388.0,4467.0,5.937,0.771,2445.0,0.422,people tested,72.22,5792203.0,136.52,42.3,19.677,12.325,46682.515,0.2,114.767,6.41,19.3,18.8,,2.5
DNK,Denmark,2020-04-04,3757,371,139,16,648.631,64.052,23.998,2.762,39928.0,5540.0,6.893,0.956,3017.0,0.521,people tested,72.22,5792203.0,136.52,42.3,19.677,12.325,46682.515,0.2,114.767,6.41,19.3,18.8,,2.5
DNK,Denmark,2020-04-05,4077,320,161,22,703.877,55.247,27.796,3.798,43734.0,3806.0,7.55,0.657,3362.0,0.58,people tested,72.22,5792203.0,136.52,42.3,19.677,12.325,46682.515,0.2,114.767,6.41,19.3,18.8,,2.5
DNK,Denmark,2020-04-06,4369,292,179,18,754.29,50.413,30.904,3.108,46916.0,3182.0,8.1,0.549,3648.0,0.63,people tested,72.22,5792203.0,136.52,42.3,19.677,12.325,46682.515,0.2,114.767,6.41,19.3,18.8,,2.5
DNK,Denmark,2020-04-07,4681,312,187,8,808.155,53.866,32.285,1.381,51544.0,4628.0,8.899,0.799,3969.0,0.685,people tested,72.22,5792203.0,136.52,42.3,19.677,12.325,46682.515,0.2,114.767,6.41,19.3,18.8,,2.5
DNK,Denmark,2020-04-08,5071,390,203,16,875.487,67.332,35.047,2.762,57535.0,5991.0,9.933,1.034,4394.0,0.759,people tested,72.22,5792203.0,136.52,42.3,19.677,12.325,46682.515,0.2,114.767,6.41,19.3,18.8,,2.5
DNK,Denmark,2020-04-09,5402,331,218,15,932.633,57.146,37.637,2.59,62210.0,4675.0,10.74,0.807,4613.0,0.796,people tested,72.22,5792203.0,136.52,42.3,19.677,12.325,46682.515,0.2,114.767,6.41,19.3,18.8,,2.5
DNK,Denmark,2020-04-10,5635,233,237,19,972.86,40.226,40.917,3.28,64731.0,2521.0,11.176,0.435,4335.0,0.748,people tested,72.22,5792203.0,136.52,42.3,19.677,12.325,46682.515,0.2,114.767,6.41,19.3,18.8,,2.5
DNK,Denmark,2020-04-11,5819,184,247,10,1004.626,31.767,42.644,1.726,67771.0,3040.0,11.7,0.525,3978.0,0.687,people tested,72.22,5792203.0,136.52,42.3,19.677,12.325,46682.515,0.2,114.767,6.41,19.3,18.8,,2.5
DNK,Denmark,2020-04-12,5996,177,260,13,1035.185,30.558,44.888,2.244,70125.0,2354.0,12.107,0.406,3770.0,0.651,people tested,72.22,5792203.0,136.52,42.3,19.677,12.325,46682.515,0.2,114.767,6.41,19.3,18.8,,2.5
DNK,Denmark,2020-04-13,6174,178,273,13,1065.916,30.731,47.132,2.244,72099.0,1974.0,12.448,0.341,3598.0,0.621,people tested,72.22,5792203.0,136.52,42.3,19.677,12.325,46682.515,0.2,114.767,6.41,19.3,18.8,,2.5
DNK,Denmark,2020-04-14,6318,144,285,12,1090.777,24.861,49.204,2.072,73919.0,1820.0,12.762,0.314,3196.0,0.552,people tested,72.22,5792203.0,136.52,42.3,19.677,12.325,46682.515,0.2,114.767,6.41,19.3,18.8,,2.5
DNK,Denmark,2020-04-15,6511,193,299,14,1124.097,33.321,51.621,2.417,77712.0,3793.0,13.417,0.655,2882.0,0.498,people tested,68.52,5792203.0,136.52,42.3,19.677,12.325,46682.515,0.2,114.767,6.41,19.3,18.8,,2.5
DNK,Denmark,2020-04-16,6681,170,309,10,1153.447,29.35,53.348,1.726,82380.0,4668.0,14.223,0.806,2881.0,0.497,people tested,68.52,5792203.0,136.52,42.3,19.677,12.325,46682.515,0.2,114.767,6.41,19.3,18.8,,2.5
DNK,Denmark,2020-04-17,6879,198,321,12,1187.631,34.184,55.419,2.072,87024.0,4644.0,15.024,0.802,3185.0,0.55,people tested,68.52,5792203.0,136.52,42.3,19.677,12.325,46682.515,0.2,114.767,6.41,19.3,18.8,,2.5
DNK,Denmark,2020-04-18,7073,194,336,15,1221.124,33.493,58.009,2.59,91437.0,4413.0,15.786,0.762,3381.0,0.584,people tested,68.52,5792203.0,136.52,42.3,19.677,12.325,46682.515,0.2,114.767,6.41,19.3,18.8,,2.5
DNK,Denmark,2020-04-19,7242,169,346,10,1250.301,29.177,59.735,1.726,94277.0,2840.0,16.277,0.49,3450.0,0.596,people tested,68.52,5792203.0,136.52,42.3,19.677,12.325,46682.515,0.2,114.767,6.41,19.3,18.8,,2.5
DNK,Denmark,2020-04-20,7384,142,355,9,1274.817,24.516,61.289,1.554,96244.0,1967.0,16.616,0.34,3449.0,0.595,people tested,68.52,5792203.0,136.52,42.3,19.677,12.325,46682.515,0.2,114.767,6.41,19.3,18.8,,2.5
DNK,Denmark,2020-04-21,7515,131,364,9,1297.434,22.617,62.843,1.554,100543.0,4299.0,17.358,0.742,3803.0,0.657,people tested,68.52,5792203.0,136.52,42.3,19.677,12.325,46682.515,0.2,114.767,6.41,19.3,18.8,,2.5
DNK,Denmark,2020-04-22,7695,180,370,6,1328.51,31.076,63.879,1.036,108465.0,7922.0,18.726,1.368,4393.0,0.758,people tested,68.52,5792203.0,136.52,42.3,19.677,12.325,46682.515,0.2,114.767,6.41,19.3,18.8,,2.5
DNK,Denmark,2020-04-23,7912,217,384,14,1365.974,37.464,66.296,2.417,116621.0,8156.0,20.134,1.408,4892.0,0.845,people tested,68.52,5792203.0,136.52,42.3,19.677,12.325,46682.515,0.2,114.767,6.41,19.3,18.8,,2.5
DNK,Denmark,2020-04-24,8073,161,394,10,1393.77,27.796,68.022,1.726,125329.0,8708.0,21.638,1.503,5472.0,0.945,people tested,68.52,5792203.0,136.52,42.3,19.677,12.325,46682.515,0.2,114.767,6.41,19.3,18.8,,2.5
DNK,Denmark,2020-04-25,8210,137,403,9,1417.423,23.652,69.576,1.554,136738.0,11409.0,23.607,1.97,6472.0,1.117,people tested,68.52,5792203.0,136.52,42.3,19.677,12.325,46682.515,0.2,114.767,6.41,19.3,18.8,,2.5
DNK,Denmark,2020-04-26,8445,235,418,15,1457.994,40.572,72.166,2.59,146915.0,10177.0,25.364,1.757,7520.0,1.298,people tested,68.52,5792203.0,136.52,42.3,19.677,12.325,46682.515,0.2,114.767,6.41,19.3,18.8,,2.5
DNK,Denmark,2020-04-27,8575,130,422,4,1480.438,22.444,72.857,0.691,155810.0,8895.0,26.9,1.536,8509.0,1.469,people tested,68.52,5792203.0,136.52,42.3,19.677,12.325,46682.515,0.2,114.767,6.41,19.3,18.8,,2.5
DNK,Denmark,2020-04-28,8698,123,427,5,1501.674,21.235,73.72,0.863,166846.0,11036.0,28.805,1.905,9472.0,1.635,people tested,68.52,5792203.0,136.52,42.3,19.677,12.325,46682.515,0.2,114.767,6.41,19.3,18.8,,2.5
DNK,Denmark,2020-04-29,8851,153,434,7,1528.089,26.415,74.928,1.209,180062.0,13216.0,31.087,2.282,10228.0,1.766,people tested,68.52,5792203.0,136.52,42.3,19.677,12.325,46682.515,0.2,114.767,6.41,19.3,18.8,,2.5
DNK,Denmark,2020-04-30,9008,157,443,9,1555.194,27.105,76.482,1.554,193165.0,13103.0,33.349,2.262,10935.0,1.888,people tested,68.52,5792203.0,136.52,42.3,19.677,12.325,46682.515,0.2,114.767,6.41,19.3,18.8,,2.5
DNK,Denmark,2020-05-01,9158,150,452,9,1581.091,25.897,78.036,1.554,206576.0,13411.0,35.664,2.315,11607.0,2.004,people tested,68.52,5792203.0,136.52,42.3,19.677,12.325,46682.515,0.2,114.767,6.41,19.3,18.8,,2.5
DNK,Denmark,2020-05-02,9311,153,462,10,1607.506,26.415,79.762,1.726,221912.0,15336.0,38.312,2.648,12168.0,2.101,people tested,68.52,5792203.0,136.52,42.3,19.677,12.325,46682.515,0.2,114.767,6.41,19.3,18.8,,2.5
DNK,Denmark,2020-05-03,9407,96,473,11,1624.08,16.574,81.662,1.899,233799.0,11887.0,40.364,2.052,12412.0,2.143,people tested,68.52,5792203.0,136.52,42.3,19.677,12.325,46682.515,0.2,114.767,6.41,19.3,18.8,,2.5
DNK,Denmark,2020-05-04,9523,116,481,8,1644.107,20.027,83.043,1.381,244791.0,10992.0,42.262,1.898,12712.0,2.195,people tested,68.52,5792203.0,136.52,42.3,19.677,12.325,46682.515,0.2,114.767,6.41,19.3,18.8,,2.5
DNK,Denmark,2020-05-05,9670,147,490,9,1669.486,25.379,84.596,1.554,257738.0,12947.0,44.497,2.235,12985.0,2.242,people tested,68.52,5792203.0,136.52,42.3,19.677,12.325,46682.515,0.2,114.767,6.41,19.3,18.8,,2.5
DNK,Denmark,2020-05-06,9821,151,497,7,1695.555,26.07,85.805,1.209,270680.0,12942.0,46.732,2.234,12945.0,2.235,people tested,68.52,5792203.0,136.52,42.3,19.677,12.325,46682.515,0.2,114.767,6.41,19.3,18.8,,2.5
DNK,Denmark,2020-05-07,9983,162,500,3,1723.524,27.969,86.323,0.518,284480.0,13800.0,49.114,2.383,13045.0,2.252,people tested,68.52,5792203.0,136.52,42.3,19.677,12.325,46682.515,0.2,114.767,6.41,19.3,18.8,,2.5
DNK,Denmark,2020-05-08,10083,100,506,6,1740.788,17.265,87.359,1.036,298488.0,14008.0,51.533,2.418,13130.0,2.267,people tested,65.74,5792203.0,136.52,42.3,19.677,12.325,46682.515,0.2,114.767,6.41,19.3,18.8,,2.5
DNK,Denmark,2020-05-09,10218,135,512,6,1764.096,23.307,88.395,1.036,308984.0,10496.0,53.345,1.812,12439.0,2.148,people tested,65.74,5792203.0,136.52,42.3,19.677,12.325,46682.515,0.2,114.767,6.41,19.3,18.8,,2.5
DNK,Denmark,2020-05-10,10319,101,516,4,1781.533,17.437,89.085,0.691,317834.0,8850.0,54.873,1.528,12005.0,2.073,people tested,65.74,5792203.0,136.52,42.3,19.677,12.325,46682.515,0.2,114.767,6.41,19.3,18.8,,2.5
DNK,Denmark,2020-05-11,10429,110,519,3,1800.524,18.991,89.603,0.518,326560.0,8726.0,56.379,1.507,11681.0,2.017,people tested,65.74,5792203.0,136.52,42.3,19.677,12.325,46682.515,0.2,114.767,6.41,19.3,18.8,,2.5
DNK,Denmark,2020-05-12,10513,84,524,5,1815.026,14.502,90.466,0.863,334260.0,7700.0,57.709,1.329,10932.0,1.887,people tested,65.74,5792203.0,136.52,42.3,19.677,12.325,46682.515,0.2,114.767,6.41,19.3,18.8,,2.5
DNK,Denmark,2020-05-13,10591,78,528,4,1828.493,13.466,91.157,0.691,345712.0,11452.0,59.686,1.977,10719.0,1.851,people tested,65.74,5792203.0,136.52,42.3,19.677,12.325,46682.515,0.2,114.767,6.41,19.3,18.8,,2.5
DNK,Denmark,2020-05-14,10667,76,534,6,1841.614,13.121,92.193,1.036,357986.0,12274.0,61.805,2.119,10501.0,1.813,people tested,65.74,5792203.0,136.52,42.3,19.677,12.325,46682.515,0.2,114.767,6.41,19.3,18.8,,2.5
DNK,Denmark,2020-05-15,10713,46,538,4,1849.555,7.942,92.883,0.691,368889.0,10903.0,63.687,1.882,10057.0,1.736,people tested,65.74,5792203.0,136.52,42.3,19.677,12.325,46682.515,0.2,114.767,6.41,19.3,18.8,,2.5
DNK,Denmark,2020-05-16,10791,78,538,0,1863.022,13.466,92.883,0.0,379482.0,10593.0,65.516,1.829,10071.0,1.739,people tested,65.74,5792203.0,136.52,42.3,19.677,12.325,46682.515,0.2,114.767,6.41,19.3,18.8,,2.5
DNK,Denmark,2020-05-17,10858,67,543,5,1874.589,11.567,93.747,0.863,388703.0,9221.0,67.108,1.592,10124.0,1.748,people tested,65.74,5792203.0,136.52,42.3,19.677,12.325,46682.515,0.2,114.767,6.41,19.3,18.8,,2.5
DNK,Denmark,2020-05-18,10927,69,547,4,1886.502,11.913,94.437,0.691,394394.0,5691.0,68.091,0.983,9691.0,1.673,people tested,65.74,5792203.0,136.52,42.3,19.677,12.325,46682.515,0.2,114.767,6.41,19.3,18.8,,2.5
DNK,Denmark,2020-05-19,10968,41,548,1,1893.58,7.078,94.61,0.173,402194.0,7800.0,69.437,1.347,9705.0,1.676,people tested,65.74,5792203.0,136.52,42.3,19.677,12.325,46682.515,0.2,114.767,6.41,19.3,18.8,,2.5
DNK,Denmark,2020-05-20,11044,76,551,3,1906.701,13.121,95.128,0.518,412051.0,9857.0,71.139,1.702,9477.0,1.636,people tested,65.74,5792203.0,136.52,42.3,19.677,12.325,46682.515,0.2,114.767,6.41,19.3,18.8,,2.5
DNK,Denmark,2020-05-21,11117,73,554,3,1919.304,12.603,95.646,0.518,425101.0,13050.0,73.392,2.253,9588.0,1.655,people tested,65.74,5792203.0,136.52,42.3,19.677,12.325,46682.515,0.2,114.767,6.41,19.3,18.8,,2.5
DNK,Denmark,2020-05-22,11182,65,561,7,1930.526,11.222,96.854,1.209,433971.0,8870.0,74.923,1.531,9297.0,1.605,people tested,,5792203.0,136.52,42.3,19.677,12.325,46682.515,0.2,114.767,6.41,19.3,18.8,,2.5
DNK,Denmark,2020-05-23,11230,48,561,0,1938.813,8.287,96.854,0.0,442650.0,8679.0,76.422,1.498,9024.0,1.558,people tested,,5792203.0,136.52,42.3,19.677,12.325,46682.515,0.2,114.767,6.41,19.3,18.8,,2.5
DNK,Denmark,2020-05-24,11289,59,561,0,1948.999,10.186,96.854,0.0,451450.0,8800.0,77.941,1.519,8964.0,1.548,people tested,,5792203.0,136.52,42.3,19.677,12.325,46682.515,0.2,114.767,6.41,19.3,18.8,,2.5
DNK,Denmark,2020-05-25,11360,71,562,1,1961.257,12.258,97.027,0.173,458305.0,6855.0,79.124,1.183,9130.0,1.576,people tested,,5792203.0,136.52,42.3,19.677,12.325,46682.515,0.2,114.767,6.41,19.3,18.8,,2.5
DNK,Denmark,2020-05-26,11387,27,563,1,1965.919,4.661,97.2,0.173,467009.0,8704.0,80.627,1.503,9259.0,1.599,people tested,,5792203.0,136.52,42.3,19.677,12.325,46682.515,0.2,114.767,6.41,19.3,18.8,,2.5
DNK,Denmark,2020-05-27,11428,41,563,0,1972.997,7.078,97.2,0.0,480239.0,13230.0,82.911,2.284,9741.0,1.682,people tested,,5792203.0,136.52,42.3,19.677,12.325,46682.515,0.2,114.767,6.41,19.3,18.8,,2.5
DNK,Denmark,2020-05-28,11480,52,565,2,1981.975,8.978,97.545,0.345,,,,,,,,,5792203.0,136.52,42.3,19.677,12.325,46682.515,0.2,114.767,6.41,19.3,18.8,,2.5
DNK,Denmark,2020-05-29,11512,32,568,3,1987.499,5.525,98.063,0.518,,,,,,,,,5792203.0,136.52,42.3,19.677,12.325,46682.515,0.2,114.767,6.41,19.3,18.8,,2.5